,count,mean,std,min,25%,50%,75%,max
Sale,2659.0,481723.4148176006,233719.32207132268,104000.0,368000.0,447200.0,544000.0,4800000.0
